{"cameraMode":{"drawMode":0,"name":"Shaded","section":"Shading Mode"},"sceneLighting":true,"audioPlay":false,"sceneViewState":{"m_AlwaysRefresh":false,"showFog":true,"showSkybox":true,"showFlares":true,"showImageEffects":true,"showParticleSystems":true,"showVisualEffectGraphs":true,"m_FxEnabled":true},"in2DMode":false,"pivot":{"x":3.713236093521118,"y":5.573720455169678,"z":5.1861958503723148},"rotation":{"x":0.13258109986782075,"y":0.8441215753555298,"z":-0.24401983618736268,"w":0.4586294889450073},"size":7.1733927726745609,"orthographic":false}